year,quarter,region,temperature,dew_point,precipitation,wind_speed,humidity,rice_yield_per_hectare
2015,1,1,26.77,18.19,0.08,11.26,73,0.6299952153
2015,2,1,27.19,22.74,1.36,7.48,84,0.2405311005
2015,3,1,27.42,22.77,4.1,5.74,82,0.2679497608
2015,4,1,27.07,21.83,1.58,4.7,73,2.56576555
2016,1,1,25.84,18.55,0.34,6.14,69,0.6711794258
2016,2,1,29.55,21.48,1.16,6.23,73,0.2701411483
2016,3,1,27.87,22.32,8.28,7.81,78,0.2641315789
2016,4,1,27.9,21.33,0.66,6.33,71,2.6290311
2017,1,1,26.83,20,0.69,5.9,72,0.7503421053
2017,2,1,29.94,22.06,2.01,5.68,69,0.30065311
2017,3,1,26.74,21.84,5.88,9.19,94,0.2727272727
2017,4,1,27.5,21.73,0.14,5.17,79,2.761672249
2018,1,1,27.18,19.71,0.13,6.04,73,0.7332416268
2018,2,1,30.48,21.68,0.75,6.1,66,0.2970454545
2018,3,1,27.77,22.06,2.86,8.35,71,0.3049497608
2018,4,1,27.4,21.27,0.47,6.2,85,2.851502392
2019,1,1,25.5,17.82,0.03,6.25,69,0.7565789474
2019,2,1,30.68,22.06,0.76,5.68,67,0.341861244
2019,3,1,27.97,22.26,2.74,7.32,85,0.3047631579
2019,4,1,27.43,20.73,0.14,5.93,73,2.893995215
2020,1,1,26.21,17.61,0.05,6.23,64,0.784222488
2020,2,1,30.26,21.16,0.76,6.74,68,0.3373038278
2020,3,1,28.03,22.522,9.75,7.26,77,0.2367535885
2020,4,1,27.87,20.53,0.08,5.4,75,2.893205742
2021,1,1,27.21,18.21,0.21,6.86,69,0.7595598086
2021,2,1,30.45,22.13,1.8,6.13,75,0.3649330144
2021,3,1,27.45,22.81,6.71,9.19,81,0.3639545455
2021,4,1,27.87,21.2,0.33,5.4,68,2.859624402
2022,1,1,26.64,18.07,0.66,5.96,74,0.796145933
2022,2,1,30.45,22.13,1.8,6.13,75,0.3649330144
2022,3,1,28.23,23.16,6.62,7.71,79,0.4062799043
2022,4,1,27.43,22.23,2.44,5.6,78,2.894488038
2023,1,1,27.14,19.18,0.34,8.04,63,0.7876291866
2023,2,1,30.55,22.71,2.18,6.97,67,0.3848779904
2023,3,1,26.94,22.87,9.89,12.68,75,0.3647488038
2023,4,1,27.37,21.33,1.1,5.7,75,2.577552632
2024,1,1,26.96,19.46,0.06,7.46,73,0.7895933014
2024,2,1,30.87,22.94,4.39,7.42,68,0.3799162679
2024,3,1,27.1,23.68,22.96,11.61,81,0.4456100478
2024,4,1,26.2,21.53,5.87,7.07,73,2.813744019
2025,1,1,25.86,17.34,0.13,8.72,64,0.7928732057
2025,2,1,30.26,23.29,4.78,7.94,70,0.391069378
2025,3,1,28.1,23.29,15.47,7.68,11.48,0.391069378
2025,4,1,27,21.5,1.63,7.67,77,2.915688995
2015,1,2,22.83,18.21,3.53,3.13,87,0.7908971292
2015,2,2,23.56,20.21,11.45,3.02,87,0.2330956938
2015,3,2,23.9,20.45,7.23,4.21,81,0.917784689
2015,4,2,21.98,21.03,5.14,3.5,81,0.8936196172
2016,1,2,24.24,19.52,4.32,3.34,85,0.9151076555
2016,2,2,24.38,20.54,8.54,3.67,84,0.2880167464
2016,3,2,25.91,21.14,11.23,3.932,81,0.9250095694
2016,4,2,21.65,20.21,5.07,3.56,84,0.8482966507
2017,1,2,24,19,4.33,4.25,80.67,0.9174497608
2017,2,2,26.21,21.1,2.81,3.97,83,0.3423014354
2017,3,2,25.81,20.39,4.05,4.06,80,0.9137464115
2017,4,2,22.21,20.56,5.04,3.54,85,0.8669354067
2018,1,2,23.69,21.23,6.74,5.23,79,0.9629521531
2018,2,2,25.55,20.91,5.92,3.88,84,0.3180717703
2018,3,2,25.97,21.23,13.32,3.84,81,0.9565645933
2018,4,2,25.9,21.73,4.99,3.57,75,0.9864449761
2019,1,2,26.6,20.9,5.13,4.89,81.55666667,0.9548325359
2019,2,2,27.45,22.65,3.21,4.01,81,0.3453133971
2019,3,2,26.21,22.12,15.95,3.75,83,1.062282297
2019,4,2,24.32,20.75,5.09,3.67,83,0.9027607656
2020,1,2,27,21.21,5.4,5.21,80.40888889,0.9723492823
2020,2,2,23.18,20.0012,14.21,2.96,89,0.2084665072
2020,3,2,25.84,21.02,9.21,4.01,81,0.9400406699
2020,4,2,25.45,21.522,5.21,3.48,77,0.9692009569
2021,1,2,25.89,19.43,3.75,3.28,76.67,0.8264401914
2021,2,2,23.18,20.0012,14.21,2.96,89,0.2084665072
2021,3,2,26.14,21.23,16.41,3.81,82,1.01695933
2021,4,2,25.87,21.34,5.22,3.56,76,0.9727248804
2022,1,2,25.35,19.89,4.32,3.3,83,0.9046866029
2022,2,2,22,19.21,18.29,2.67,91,0.05622488038
2022,3,2,26.64,21.52,17.79,3.61,84,1.107188995
2022,4,2,21.21,20.03,5.3,3.47,75,0.8392894737
2023,1,2,25.97,20.53,5.32,3.77,77.67,0.978722488
2023,2,2,23.27,19.87,14.454,3.21,87,0.2132177033
2023,3,2,26.52,21.32,16.42,3.82,83,1.091141148
2023,4,2,23.21,20.98,5.08,3.56,82,0.8832200957
2024,1,2,29.14,22.65,6.73,5.98,67.33,1.078435407
2024,2,2,23.27,19.87,14.454,3.21,87,0.2132177033
2024,3,2,25.21,20.97,10.21,4.11,79,0.8293851675
2024,4,2,24.67,21.21,5.19,3.51,80,0.9162679426
2025,1,2,22.53,18.44,3.88,2.86,80.33,0.94565311
2025,2,2,23.3,19.67,13.88,3.18,88,0.2084401914
2025,3,2,26.22,21.24,16.98,3.73,82,0.9747511962
2025,4,2,23.54,21.53,5.11,3.52,81,0.8953588517
2015,1,3,23.96,20.54,0.42,8.71,88,0.8489714286
2015,2,3,23.52,19.31,2.63,10.1,83,1.243092857
2015,3,3,26.42,22.87,4.99,8.1,84,0.28335
2015,4,3,24.57,21.7,3.22,10,85,1.850892857
2016,1,3,22.64,19.75,1.89,11.18,86,0.8185114286
2016,2,3,27.29,23.42,0.93,7.9,90,1.290231429
2016,3,3,26.29,22.48,3.01,12.87,87,0.2447628571
2016,4,3,24.6,21.33,2.62,13.3,82,1.383755714
2017,1,3,23.31,20.17,2.97,12.41,88,0.8983985714
2017,2,3,26.97,22.58,5.7,6.23,84,1.350227143
2017,3,3,26.32,23.48,3.25,14.52,86,0.3018657143
2017,4,3,24.87,21.27,1.16,10.6,87,2.050375714
2018,1,3,23.46,20.39,0.67,14.29,86,0.9562514286
2018,2,3,26.84,22.65,4.59,7.13,81,1.459525714
2018,3,3,26.03,22.19,3.99,11.9,87,0.4064214286
2018,4,3,24.43,21.29,4.14,14.03,89,2.04847
2019,1,3,22.43,19.39,0.89,10.45,86,1.01676
2019,2,3,26.85,22.39,1.83,7.32,85,1.632038571
2019,3,3,26.81,22.26,3.28,10.74,88,0.29107
2019,4,3,24.67,21.03,2.08,12.87,83,2.438917143
2020,1,3,21.54,18.07,2.77,10.46,88,1.04446
2020,2,3,26.45,21.29,3.55,6.13,79,1.640964286
2020,3,3,26.52,22.03,4.46,9.42,80,0.2207342857
2020,4,3,24.9,20.53,0.56,12.43,84,1.814284286
2021,1,3,22.69,19,0.96,11.59,83,0.9160214286
2021,2,3,26.65,21.81,4.16,6.1,80,1.660781429
2021,3,3,26.71,22.39,2.3,11.77,82,0.29516
2021,4,3,24.53,20.53,1.57,12.67,80,1.903584286
2022,1,3,21.79,18.71,3.89,12.68,85,0.9631742857
2022,2,3,26.45,21.84,4.6,6,87,1.59922
2022,3,3,26.94,22.39,6.04,6.9,81,0.4109942857
2022,4,3,24.8,21.53,2.59,12.37,93,2.219192857
2023,1,3,23.75,19.61,0.47,9.93,85,0.9707957143
2023,2,3,26.77,21.87,1.26,6.65,82,1.612724286
2023,3,3,25.87,22.16,4.57,11.97,84,0.3926328571
2023,4,3,24.8,20.8,0.37,11.6,84,2.188297143
2024,1,3,25.04,19.11,0.35,9.11,82,1.042675714
2024,2,3,29.94,23.29,3.3,5.42,76,1.611961429
2024,3,3,28.35,23.26,7.85,10.48,76,0.4953057143
2024,4,3,26.4,22.17,6.24,6.9,85,2.178885714
2025,1,3,23.52,19.31,2.63,10.1,83,0.9476542857
2025,2,3,29.06,23.68,6.79,5.45,80,1.575315714
2025,3,3,28.55,23.06,8.04,6.52,91,0.5030028571
2025,4,3,26.13,22.13,18.23,10.13,89,2.167095714
2015,1,4,27.46,21.21,0.29,7.75,83,0.25971
2015,2,4,29.48,24.48,2.29,5.52,82,0.294753333333333
2015,3,4,27.06,24.03,4.21,4.97,87,0.13309
2015,4,4,25.97,23.4,2.8,7,95,0.613076666666667
2016,1,4,24.86,20.89,1.27,8.86,80,0.307626666666667
2016,2,4,27.87,24.03,5.19,6.48,83,0.387363333333333
2016,3,4,27.1,23.45,3.82,9.84,92,0.18649
2016,4,4,26.2,23.4,4.67,9.83,84,0.449163333333333
2017,1,4,25.31,22,3,10.9,92,0.338476666666667
2017,2,4,28.68,24.55,7.35,5,81,0.39818
2017,3,4,26.94,23.26,2.79,10.06,85,0.15401
2017,4,4,26.63,22.73,0.58,10.23,83,0.406906666666667
2018,1,4,25.36,21.61,0.91,13.18,86,0.328763333333333
2018,2,4,29.1,24.23,3.64,6.13,73,0.398206666666667
2018,3,4,27.03,23.58,3.67,7.71,87,0.148696666666667
2018,4,4,25.97,22.87,2.85,10.9,84,0.49695
2019,1,4,24.71,20.57,0.68,9.46,94,0.276346666666667
2019,2,4,29.35,24.13,3.57,6.45,82,0.37185
2019,3,4,27.48,23.61,2.64,7.61,83,0.127453333333333
2019,4,4,26.23,22.47,1.19,10.97,86,0.57629
2020,1,4,24.39,19.25,0.45,10.64,74,0.289583333333333
2020,2,4,29.06,22.71,5.47,5.81,68,0.4222
2020,3,4,27.74,23.55,7.27,6.48,80,0.123913333333333
2020,4,4,26.7,21.67,0.42,11.77,85,0.473993333333333
2021,1,4,24.83,20.41,0.92,11.45,79,0.29991
2021,2,4,28.84,23.68,13.04,6.26,79,0.42744
2021,3,4,26.9,23.42,5.18,9.45,86,0.172623333333333
2021,4,4,25.73,22.03,1.64,10.83,82,0.457106666666667
2022,1,4,24.25,19.82,0.93,11.96,82,0.279966666666667
2022,2,4,28.65,23.84,7.65,6.35,85,0.418556666666667
2022,3,4,27.39,23.81,9.09,6.06,81,0.18184
2022,4,4,25.83,23.07,4.62,10.9,95,0.48908
2023,1,4,25.32,20.96,1.2,9.57,87,0.324586666666667
2023,2,4,29.03,23.13,3.5,8.06,79,0.449326666666667
2023,3,4,26.48,22.84,6.06,9.35,91,0.11553
2023,4,4,26.17,22.07,1.79,10.87,90,0.511333333333333
2024,1,4,25.36,19.46,0.78,14.07,78,0.279806666666667
2024,2,4,29.71,24.29,16.88,5.45,70,0.41619
2024,3,4,26.97,23.32,16.26,9.35,84,0.106123333333333
2024,4,4,26.43,22.4,6.19,7.3,83,0.467153333333333
2025,1,4,24.31,19.52,2.12,13.38,82,0.272033333333333
2025,2,4,30.35,23.65,7.27,5.77,73,0.450826666666667
2025,3,4,27.77,23.87,12.11,5.42,97,0.134726666666667
2025,4,4,25.8,22.53,27.32,11.23,93,0.432146666666667
2015,1,5,27.57,20.57,0.02,10.25,80,0.95224
2015,2,5,29.29,24.23,1.24,6.26,79,0.577795
2015,3,5,27.45,23.42,1.56,7.52,82,0.29292
2015,4,5,26.4,23.2,2.16,10.1,93,2.464705
2016,1,5,25.04,21,1.03,12.46,82,1.04715
2016,2,5,27.87,23.65,2.18,7.97,81,0.909345
2016,3,5,27.16,23.13,1.39,11.48,88,0.752125
2016,4,5,26.7,22.97,3.31,12.4,85,2.199725
2017,1,5,25.66,21.59,2.16,15.31,88,1.057305
2017,2,5,28.71,23.68,1.42,5.81,71,1.041335
2017,3,5,27.19,22.77,0.64,12.35,85,0.726775
2017,4,5,26.87,22.53,0.47,14.63,81,2.327715
2018,1,5,25.68,21.46,1.78,18.32,83,1.034995
2018,2,5,28.81,23.71,1.25,7.19,77,0.9873
2018,3,5,27.23,23.1,1.78,9.94,81,0.731505
2018,4,5,26.57,22.57,2.56,15.1,82,2.41591
2019,1,5,25,20.32,0.19,13.39,89,1.16258
2019,2,5,29.42,23.32,0.5,8.71,80,0.992895
2019,3,5,27.45,22.97,0.98,8.94,82,0.51891
2019,4,5,26.6,22.5,0.7,14.1,84,2.735005
2020,1,5,25.75,20.43,0.07,20.11,74,1.48949
2020,2,5,30,23.32,0.13,9.42,65,0.723465
2020,3,5,29.06,23.55,0.35,12.32,72,0.417535
2020,4,5,27.9,22.9,0.16,20.9,79,2.778675
2021,1,5,25.9,21.48,0.42,20.79,76,1.148425
2021,2,5,29.87,23.87,0.85,11.61,73,0.684075
2021,3,5,29.03,23.29,0.58,11.1,75,0.50487
2021,4,5,27.3,22.87,1.18,18.9,77,3.06467
2022,1,5,25.64,21.04,0.2,22.14,79,1.445155
2022,2,5,29.94,24.13,0.6,11.65,73,0.894905
2022,3,5,28.39,22.9,0.08,14.81,78,0.713135
2022,4,5,27.6,23.4,0.82,20.3,84,2.745955
2023,1,5,26.25,21.75,0.38,17.07,81,0.881025
2023,2,5,29.74,23.45,0.18,15.03,76,0.881025
2023,3,5,28.1,23.29,17.41,11.52,73,0.626665
2023,4,5,27.65,22.93,1.04,20.17,75,3.077125
2024,1,5,25.64,20.29,0.05,22.32,77,1.55505
2024,2,5,30,23.81,2.73,9.97,65,0.62825
2024,3,5,28.39,22.9,0.08,14.81,78,1.55505
2024,4,5,27.17,22.6,7.45,14.13,77,3.29673
2025,1,5,25.17,20.76,6.2,25.17,80,1.3509
2025,2,5,29.65,24,7.28,11.42,76,1.06522
2025,3,5,28.35,23.13,12.62,9.23,88,0.495955
2025,4,5,27.03,22.87,13.34,20.1,80,2.90343
2015,1,6,26.96,21.57,0.13,7.39,83,0.99338
2015,2,6,29.65,24.16,0.68,6.42,81,0.947236
2015,3,6,27.97,23.97,2.2,6.94,84,0.760608
2015,4,6,27.33,23.8,2.61,6.37,88,1.623088
2016,1,6,25.57,21.64,1.52,9.89,80,1.005448
2016,2,6,28.13,24.13,4.24,7.74,88,1.19582
2016,3,6,27.9,23.94,2.13,10.97,90,0.894376
2016,4,6,27.6,23.67,1.61,8.43,84,1.188024
2017,1,6,26.48,22.24,1.75,11,88,1.143236
2017,2,6,29.55,24.29,1.25,4.84,82,1.21492
2017,3,6,28.13,23.68,1.53,14.13,81,1.031108
2017,4,6,27.53,23.2,0.92,8.83,84,1.303964
2018,1,6,26.21,22,0.65,12.75,86,1.101016
2018,2,6,29.68,24.32,1.51,5.58,74,1.40012
2018,3,6,27.9,23.84,2.07,11.1,80,0.911524
2018,4,6,27.1,23.3,2.04,11.03,82,1.560304
2019,1,6,25.64,20.79,0.44,9.71,89,1.189448
2019,2,6,29.94,24.42,1.44,5.77,78,1.388612
2019,3,6,28.48,23.84,1.46,8.26,81,0.721184
2019,4,6,27.2,23.2,1.07,9.53,83,1.733344
2020,1,6,25.54,20.21,0.57,11.71,74,1.136136
2020,2,6,29.45,22.97,0.53,6.52,80,1.373396
2020,3,6,28.94,23.58,2.79,9.87,78,0.820928
2020,4,6,28.07,22.77,0.47,11.67,82,1.727332
2021,1,6,26.14,21.52,1.48,12.17,74,1.158172
2021,2,6,30.13,23.48,0.49,6.58,76,1.406876
2021,3,6,28.55,23.94,2.79,13.87,85,0.842208
2021,4,6,27.13,22.87,1.75,11.73,81,1.694712
2022,1,6,25.75,20.75,1.05,13.68,85,1.141472
2022,2,6,30.1,23.87,0.88,6.1,75,1.477816
2022,3,6,28.77,23.97,2.05,8.84,80,0.817576
2022,4,6,27.6,23.73,0.86,11.03,87,1.903444
2023,1,6,26.54,22.32,2.7,11.21,81,1.1628
2023,2,6,29.84,23.61,1.29,6.58,80,1.509592
2023,3,6,28.06,23.32,1.01,15.65,82,0.811256
2023,4,6,27.73,22.83,0.59,12.07,81,1.918104
2024,1,6,26.53,19.96,0.15,10.29,76,0.983548
2024,2,6,30.9,23.84,2.45,5.42,71,1.297996
2024,3,6,27.23,24,23.08,13.87,86,0.791728
2024,4,6,27.1,23.17,12.38,8.3,82,1.69834
2025,1,6,26.07,20.45,1.94,11.45,80,1.019428
2025,2,6,30.68,23.61,3.51,6.19,72,1.50726
2025,3,6,28.1,23.9,8.86,6.32,95,0.897188
2025,4,6,27.03,23.13,16.41,10.07,92,1.756092
2015,1,7,27.43,21.21,0.06,17.93,77,1.27901212121212
2015,2,7,29.42,23.94,1.01,8.52,81,0.218427272727273
2015,3,7,28.45,23.81,2.71,12.16,77,1.69155757575758
2015,4,7,28.17,23.87,0.99,13.73,81,2.23431515151515
2016,1,7,26.36,22.36,1.48,21.96,85,1.94772424242424
2016,2,7,28.48,23.77,4.09,12.61,80,0.498715151515152
2016,3,7,27.58,23.68,2.38,18,81,2.72552727272727
2016,4,7,27.9,23.63,0.78,15.63,85,1.63117878787879
2017,1,7,27.14,22.66,1.35,20.62,80,1.78461818181818
2017,2,7,29,23.87,1.65,7.35,75,0.388663636363636
2017,3,7,27.9,23.61,1.44,20.03,80,2.77665151515151
2017,4,7,27.83,27.83,0.21,19.97,80,1.9961303030303
2018,1,7,27,22.71,0.41,26.14,82,1.50920606060606
2018,2,7,29.61,24.03,1.87,7.87,72,0.351448484848485
2018,3,7,27.74,23.45,1.92,16.19,79,2.49185757575758
2018,4,7,27.6,23.53,1.78,19.73,77,1.98321515151515
2019,1,7,26.32,21.5,0.84,23.29,89,1.70017878787879
2019,2,7,29.84,24.23,1.39,9.03,76,0.336484848484848
2019,3,7,27.94,23.45,1.23,12.26,80,1.86563939393939
2019,4,7,27.73,23.5,1.25,18.67,82,2.31761818181818
2020,1,7,27,20.64,0.23,24.96,77,1.65459696969697
2020,2,7,30.77,22.52,2.43,9.81,67,0.276351515151515
2020,3,7,28.58,23.23,9.11,16.13,75,1.72852424242424
2020,4,7,29,22.97,0.14,23.9,76,2.57332727272727
2021,1,7,27.83,21.59,0.29,26.9,79,1.41375454545455
2021,2,7,31.16,23.19,4.99,12.26,61,0.211784848484848
2021,3,7,28.81,23.65,6.94,21.35,77,1.84580303030303
2021,4,7,27.73,23.07,1.78,20.4,76,2.33541515151515
2022,1,7,26.89,21.14,0.05,28.07,79,1.91549393939394
2022,2,7,30.84,23.45,2.63,12.16,67,0.338930303030303
2022,3,7,28.94,23.58,5.84,11.23,79,2.39140303030303
2022,4,7,27.97,23.93,1.33,18.67,84,2.11428484848485
2023,1,7,27.54,22.25,0.55,21,78,1.82673636363636
2023,2,7,31,23,1.01,12,71,0.404569696969697
2023,3,7,28.16,23.26,5.79,18.81,76,2.36969393939394
2023,4,7,28.13,23.13,1.64,21.37,74,2.16340303030303
2024,1,7,27.54,20.36,0.09,25.11,71,1.78186060606061
2024,2,7,31.97,23.48,3.36,8.94,63,0.254966666666667
2024,3,7,27.55,23.87,8.53,20.35,82,1.66643636363636
2024,4,7,27.7,23.63,7.43,14.93,83,2.59307272727273
2025,1,7,27.07,21.48,0.66,28.41,79,1.91707878787879
2025,2,7,30.55,24.03,7.2,9.84,66,0.367260606060606
2025,3,7,28.13,23.87,9.81,10.9,88,2.25674848484848
2025,4,7,27.67,23.63,4.31,18.43,79,2.40006363636364
2015,1,8,26.71,22.64,0.23,12.64,77,2.09975
2015,2,8,29,24.39,0.43,11.23,78,0.853625
2015,3,8,28.55,23.65,1.74,8.68,79,0.40365
2015,4,8,27.63,23.8,3.44,9.1,82,3.4042
2016,1,8,26.11,22.54,2.98,13.25,90,2.13125
2016,2,8,27.84,23.61,23.61,1.84,82,1.25805
2016,3,8,27.97,23.19,1.17,12.97,76,0.59455
2016,4,8,27.67,23.53,2.2,10.9,86,4.0877
2017,1,8,26.62,22.55,2.28,15.55,80,2.270125
2017,2,8,28.68,23.77,2.96,6.19,77,1.3335
2017,3,8,28.42,23.42,0.99,13.35,74,0.57055
2017,4,8,27.23,23.07,1.5,13.47,83,4.003825
2018,1,8,26.64,22.61,1.81,18.11,83,2.47625
2018,2,8,29.06,23.87,2.26,8.06,77,1.431975
2018,3,8,27.9,23.13,1.73,11.65,76,0.527875
2018,4,8,27.23,23.43,3.84,14.17,80,4.256325
2019,1,8,25.93,21.57,0.73,13.68,87,2.334275
2019,2,8,29,24.13,3.05,8.94,78,1.42685
2019,3,8,28.29,23.58,2.42,7.74,81,0.50735
2019,4,8,27.43,23.47,3.07,11.5,83,4.202075
2020,1,8,26.39,21.25,0.56,15.64,80,2.328275
2020,2,8,29.58,23.45,0.77,6.74,73,1.3022
2020,3,8,29.23,23.29,0.71,11.84,73,0.429425
2020,4,8,28.2,23.03,1.53,14.73,77,4.34495
2021,1,8,27.31,22.07,0.72,15.83,81,1.88655
2021,2,8,29.61,23.77,1.62,9.87,71,0.63255
2021,3,8,29.61,23.1,0.37,16.16,75,0.3469
2021,4,8,27.57,23.17,1.43,12.73,76,2.93355
2022,1,8,26.21,21.68,0.57,18.11,81,2.33705
2022,2,8,29.61,24.16,1.48,8.68,71,1.39745
2022,3,8,29.13,23.71,2.2,8.42,79,0.422625
2022,4,8,28,23.97,1.36,11.13,82,3.9731
2023,1,8,27.25,22.71,4.78,13.5,80,2.507775
2023,2,8,29.55,23.97,1.98,7.52,76,1.4415
2023,3,8,28.71,22.97,1.52,14.13,77,0.40735
2023,4,8,27.67,23.37,2.65,12.63,75,3.37985
2024,1,8,26.82,21.61,1.32,14.5,78,1.950325
2024,2,8,31.29,24.23,3.22,6.74,72,0.9831
2024,3,8,28.55,23.16,2.06,16,77,0.325625
2024,4,8,28.13,23.17,4.79,10.2,77,2.318125
2025,1,8,26.83,21.72,2.44,19.03,78,1.6218
2025,2,8,30.03,24.06,2.8,8.58,70,0.957375
2025,3,8,28.61,23.71,7.79,7.79,84,0.4002
2025,4,8,27.97,23.5,5.39,11.9,11.9,3.533725
2015,1,9,26.79,22.79,0.64,21.79,79,3.09478048780488
2015,2,9,28.94,24.58,0.97,17.48,80,3.20346341463415
2015,3,9,28.84,23.61,3,11.39,74,1.85001219512195
2015,4,9,28.1,23.97,2.72,13.53,78,3.60960975609756
2016,1,9,26.54,23.14,0,17.5,89,2.9794756097561
2016,2,9,28,23.87,4.9,14.32,82,3.21812195121951
2016,3,9,28.52,23.55,4.83,17.42,75,2.02876829268293
2016,4,9,27.93,23.73,3.8,15.17,81,3.72056097560976
2017,1,9,27,23,5.48,22.24,77,3.05978048780488
2017,2,9,28.74,23.81,4.95,9.66,77,3.21812195121951
2017,3,9,28.84,23.87,2.81,17.16,73,2.07123170731707
2017,4,9,27.8,23.8,2.25,19.37,83,3.78467073170732
2018,1,9,26.96,23.14,3.93,24.11,82,2.8310243902439
2018,2,9,29.03,24.13,1.58,12.65,79,3.65346341463415
2018,3,9,28.35,23.52,4.8,15.13,72,2.02621951219512
2018,4,9,28,23.73,5.62,19.93,76,3.55995121951219
2019,1,9,26.5,22.14,1.64,19.21,84,2.67512195121951
2019,2,9,29,24.32,2.45,14.26,77,3.70430487804878
2019,3,9,28.65,23.65,5.22,10.1,78,2.04875609756098
2019,4,9,27.97,23.67,4.91,14.43,80,3.55469512195122
2020,1,9,26.32,21.57,0.85,18.25,81,2.76501219512195
2020,2,9,28.9,23.97,2.71,14.06,75,3.6770243902439
2020,3,9,28.9,23.68,8.75,13.29,72,1.43568292682927
2020,4,9,28,23.37,1.17,17.17,79,3.77726829268293
2021,1,9,27,22.52,1.21,19.45,83,3.48193902439024
2021,2,9,29.19,24.26,3.31,13,76,3.17289024390244
2021,3,9,29.48,23.87,3.97,16.94,76,1.47170731707317
2021,4,9,27.6,23.43,4.28,13.8,77,3.51790243902439
2022,1,9,26.21,22.25,1.24,20.04,82,3.48312195121951
2022,2,9,29.35,23.9,2.35,12.13,78,2.92195121951219
2022,3,9,28.9,23.94,6.09,10.52,79,1.54792682926829
2022,4,9,28.03,24,2.55,15.97,81,3.57828048780488
2023,1,9,27.11,23.07,6.05,16.14,79,3.41131707317073
2023,2,9,30,24.32,4.91,9.65,80,3.15226829268293
2023,3,9,28.61,23.42,4,15.71,78,1.43648780487805
2023,4,9,27.9,23.53,3.97,15.73,79,3.54720731707317
2024,1,9,26.61,21.21,0.57,15.96,76,3.59026829268293
2024,2,9,29.03,23.55,1.41,10.71,78,2.83670731707317
2024,3,9,28.48,23.65,8.53,15.58,77,1.27867073170732
2024,4,9,28.2,23.27,8.7,10.33,77,3.27295121951219
2025,1,9,26.69,21.86,2.55,17.83,77,3.08376829268293
2025,2,9,29.29,24.29,5.72,9.87,76,3.55491463414634
2025,3,9,28.52,23.77,15.07,8.48,82,1.34806097560976
2025,4,9,28.17,23.57,8.21,11.27,78,3.31929268292683
2015,1,10,29.79,21.89,0.87,5.86,79,1.75654794520548
2015,2,10,29.35,24.29,7.03,3.65,89,0.843657534246575
2015,3,10,29.23,23.32,2.77,4.48,84,2.2891095890411
2015,4,10,29.93,23.77,2.92,4.07,87,2.68116438356164
2016,1,10,28.21,22.64,2.26,6.71,95,2.25661643835616
2016,2,10,29.35,23.65,3.74,4.74,88,1.19916438356164
2016,3,10,28.9,22.74,3.29,6.06,83,3.03495890410959
2016,4,10,30.04,23.27,2.83,4.8,85,2.03258904109589
2017,1,10,29.9,22.76,3.96,5.66,77,2.52784931506849
2017,2,10,30,23.48,3.9,4.26,80,1.05023287671233
2017,3,10,29.42,22.77,1.8,6.35,83,3.00047945205479
2017,4,10,30.17,23.67,2.54,5.07,85,1.89830136986301
2018,1,10,30.11,22.79,2.56,6.79,78,2.61228767123288
2018,2,10,30.68,23.97,3.88,3.84,81,1.04891780821918
2018,3,10,29.19,22.39,1.54,6,76,3.01132876712329
2018,4,10,29.5,23.3,2.21,5.37,81,2.08243835616438
2019,1,10,28.75,22.04,1.12,8.04,83,2.81253424657534
2019,2,10,29.9,24.16,5.12,3.68,82,0.934561643835616
2019,3,10,29.52,22.97,3.27,5.16,80,2.8127397260274
2019,4,10,29.97,23.6,4.42,4.57,84,2.4371095890411
2020,1,10,30.54,21.04,0.72,10.11,74,2.66715068493151
2020,2,10,32.58,22.97,3.53,4.71,69,0.899465753424658
2020,3,10,29.61,22.71,2.84,8.32,80,2.17823287671233
2020,4,10,31.8,22.93,1.84,6.17,77,3.32056164383562
2021,1,10,32,21.62,0.42,8.45,70,1.99845205479452
2021,2,10,32.19,23.48,3.39,4.48,73,0.767849315068493
2021,3,10,30.35,23.06,2.19,6.87,79,2.4826301369863
2021,4,10,30.97,22.73,1.47,6.23,79,2.71149315068493
2022,1,10,30.21,21.54,1.24,10.61,77,2.94016438356164
2022,2,10,32.16,23.68,4.05,4.52,73,1.11982191780822
2022,3,10,30.68,23.1,4.68,5.32,82,2.87141095890411
2022,4,10,31.3,23.07,1.66,5.9,77,2.66572602739726
2023,1,10,31.36,22.14,1.09,8.18,71,2.98223287671233
2023,2,10,33.1,23.06,3.73,4.55,69,1.07398630136986
2023,3,10,29.68,23.03,4.58,6.87,81,2.68158904109589
2023,4,10,31.47,22.57,1.54,7.7,73,3.24401369863014
2024,1,10,31.93,20.57,0.27,10.11,75,2.67005479452055
2024,2,10,32.26,23.65,9.95,5.52,80,1.13080821917808
2024,3,10,29,23.13,7.58,7.16,82,2.65190410958904
2024,4,10,30.03,22.83,9.66,5.03,85,4.06006849315068
2025,1,10,31.41,21.41,2.7,8.79,75,2.23197260273973
2025,2,10,31.77,23.77,14.04,3.97,74,1.208
2025,3,10,29.74,23.35,13.9,4.68,89,2.73871232876712
2025,4,10,30.5,23.4,10.01,5,85,2.66250684931507
2015,1,11,27.86,21.75,1.23,15.61,78,0.718325
2015,2,11,28.19,23.61,3.22,11.58,83,0.533725
2015,3,11,28.48,22.77,4.98,8.13,80,0.66209375
2015,4,11,28.67,24,10.6,16,84,0.603425
2016,1,11,27.54,22.11,3.96,9.71,90,0.77198125
2016,2,11,28.42,23,6.77,9.71,81,0.46448125
2016,3,11,28.06,22.45,6.07,11.32,83,0.7991625
2016,4,11,28.53,22.6,6.8,9.23,83,0.56776875
2017,1,11,28.55,21.76,4.15,11.79,75,0.8455125
2017,2,11,28.94,22.97,6.32,7.87,80,0.49200625
2017,3,11,28.48,22.32,4.54,11.87,78,1.07910625
2017,4,11,28.97,22.43,3.11,11.33,82,0.38776875
2018,1,11,28.68,21.64,1.86,14.54,76,0.75143125
2018,2,11,29.1,22.77,3.57,8.71,79,0.503
2018,3,11,28.35,22.1,3.09,10.03,81,0.9730875
2018,4,11,28.47,22.47,5.11,10.53,82,0.40805625
2019,1,11,28.29,21.54,2.95,9.96,78,0.88155625
2019,2,11,29.19,22.94,5.76,8.29,77,0.51738125
2019,3,11,28.35,22.35,5.09,9.81,81,0.8595
2019,4,11,28.83,22.83,4.16,7.93,85,0.56823125
2020,1,11,26.29,20,3,12.68,80,0.8238375
2020,2,11,26.26,21.84,12.1,6.39,88,0.525
2020,3,11,25.68,21.45,3.09,11.71,86,0.7439375
2020,4,11,26.83,21.8,6.83,10.2,87,0.6689
2021,1,11,27.41,20.31,1.9,13.9,80,0.75859375
2021,2,11,27.1,22.32,9.07,8.84,87,0.4021625
2021,3,11,26.86,21.9,8.73,10.55,85,0.73691875
2021,4,11,26.53,21.67,8.18,7.27,88,0.7145
2022,1,11,25.93,20.71,4.94,11.68,86,0.7653625
2022,2,11,27,22.42,14.76,7,85,0.4680625
2022,3,11,26.35,21.77,13.07,7.26,90,0.82996875
2022,4,11,26.57,21.67,10.75,8.07,86,0.6470125
2023,1,11,27,21.07,8.61,8.61,83,0.915425
2023,2,11,27.39,21.94,14.76,5.97,86,0.53541875
2023,3,11,26.19,21.52,5.65,10.45,85,0.9401625
2023,4,11,27.23,21.13,6.49,8.37,86,0.65965
2024,1,11,26.86,19.86,1.25,15,80,0.83900625
2024,2,11,28.61,23.16,23.97,6.94,82,0.5213125
2024,3,11,27.35,21.61,3.01,14.39,79,0.73400625
2024,4,11,27.17,21,5.79,6.47,80,0.720475
2025,1,11,26.45,20.52,2.34,16.79,80,0.80720625
2025,2,11,28.52,22.65,9.36,7.13,76,0.5685625
2025,3,11,27.42,21.77,9.89,8.03,77,0.79550625
2025,4,11,26.83,21.43,7.95,9.7,76,0.746
2015,1,12,29.07,21.43,1.36,5.96,79,2.29864
2015,2,12,30.9,23.16,4.07,4.55,80,1.70792
2015,3,12,33.77,22.97,0.85,3.77,82,2.1187
2015,4,12,31.83,22.47,1.35,3.97,86,1.93096
2016,1,12,29.39,22.04,4.63,4.68,98,2.47034
2016,2,12,33.13,22.74,2.19,4.61,81,1.48634
2016,3,12,33.23,22.94,3.71,4.61,80,2.55732
2016,4,12,31.23,22.5,1.49,4.2,86,1.81686
2017,1,12,29.72,21.79,1.93,5.17,83,2.70564
2017,2,12,34.74,22.71,0.83,3.65,84,1.57442
2017,3,12,34.1,22.32,1.9,4.58,67,3.45314
2017,4,12,30.57,22.3,0.91,4.77,84,1.24086
2018,1,12,29.21,22.14,4.69,5.43,82,2.40458
2018,2,12,33.87,22.16,0.92,4.06,82,1.6096
2018,3,12,32.32,22.13,1.49,4.42,79,3.11388
2018,4,12,30.13,22.37,2.14,4.93,82,1.30578
2019,1,12,29.61,21.14,1.3,5.54,79,2.82098
2019,2,12,33.81,22.68,1.23,3.84,76,1.65562
2019,3,12,33.81,22.97,1.99,3.58,80,2.7504
2019,4,12,31.73,22.6,1.86,3.9,82,1.81834
2020,1,12,29.46,20.93,1.17,5.86,83,2.63628
2020,2,12,34.32,22.13,0.65,4.26,79,1.68
2020,3,12,33.97,22.03,1.46,5.61,83,2.3806
2020,4,12,31.57,22.3,0.82,5.23,78,2.14048
2021,1,12,30.52,21.41,1.45,5.97,84,2.4275
2021,2,12,33.1,23,2.03,4.58,86,1.28692
2021,3,12,34.94,21.52,0.71,4.84,73,2.35814
2021,4,12,31.47,22.33,1.21,4.53,82,2.2864
2022,1,12,29.29,21.54,4.29,5.96,83,2.44916
2022,2,12,34.16,22.9,0.91,4.13,77,1.4978
2022,3,12,33.35,22.71,1.15,4.48,81,2.6559
2022,4,12,30.63,23.37,2.58,4.8,85,2.07044
2023,1,12,30.07,22.75,2.89,5.14,86,2.92936
2023,2,12,32.9,23.35,2.36,4.19,82,1.6682
2023,3,12,33.97,21.55,0.49,6.06,73,3.00852
2023,4,12,30.5,22.9,2.27,5.23,80,2.11088
2024,1,12,28.75,20.71,4.11,5.57,86,2.68482
2024,2,12,34.87,23.29,4.96,3.39,91,1.8194
2024,3,12,31.42,22.13,4.36,7.48,82,2.54562
2024,4,12,31.23,22.43,7.24,3.57,89,2.30552
2025,1,12,28.31,21.66,8.84,6.31,85,2.58306
2025,2,12,31.84,23.71,8.87,3.87,88,1.71334
2025,3,12,30.61,23.45,9.22,3.74,91,2.34882
2025,4,12,30.3,22.8,8.34,4,86,2.3872
2015,1,13,22.83,18.21,3.53,3.13,87,1.10198333333333
2015,2,13,23.56,20.21,11.45,3.02,87,0.32478
2015,3,13,23.9,20.45,7.23,4.21,81,1.27878
2015,4,13,21.98,21.03,5.14,3.5,81,1.24511
2016,1,13,24.24,19.52,4.32,3.34,85,1.27505
2016,2,13,24.38,20.54,8.54,3.67,84,0.401303333333333
2016,3,13,25.91,21.14,11.23,3.932,81,1.28884666666667
2016,4,13,21.65,20.21,5.07,3.56,84,1.18196
2017,1,13,24,19,4.33,4.25,80.67,1.27831333333333
2017,2,13,26.21,21.1,2.81,3.97,83,0.47694
2017,3,13,25.81,20.39,4.05,4.06,80,1.27315333333333
2017,4,13,22.21,20.56,5.04,3.54,85,1.20793
2018,1,13,23.69,21.23,6.74,5.23,79,1.34171333333333
2018,2,13,25.55,20.91,5.92,3.88,84,0.44318
2018,3,13,25.97,21.23,13.32,3.84,81,1.33281333333333
2018,4,13,25.9,21.73,4.99,3.57,75,1.37444666666667
2019,1,13,26.6,20.9,5.13,4.89,81.55666667,1.3304
2019,2,13,27.45,22.65,3.21,4.01,81,0.481136666666667
2019,3,13,26.21,22.12,15.95,3.75,83,1.48011333333333
2019,4,13,24.32,20.75,5.09,3.67,83,1.25784666666667
2020,1,13,27,21.21,5.4,5.21,80.40888889,1.35480666666667
2020,2,13,23.18,20.0012,14.21,2.96,89,0.290463333333333
2020,3,13,25.84,21.02,9.21,4.01,81,1.30979
2020,4,13,25.45,21.522,5.21,3.48,77,1.35042
2021,1,13,25.89,19.43,3.75,3.28,76.67,1.15150666666667
2021,2,13,22,19.21,18.29,2.67,91,0.07834
2021,3,13,26.14,21.23,16.41,3.81,82,1.41696333333333
2021,4,13,25.87,21.34,5.22,3.56,76,1.35533
2022,1,13,25.35,19.89,4.32,3.3,83,1.26053
2022,2,13,24.67,20.98,5.27,3.55,85,0.425726666666667
2022,3,13,26.64,21.52,17.79,3.61,84,1.54268333333333
2022,4,13,21.21,20.03,5.3,3.47,75,1.16941
2023,1,13,25.97,20.53,5.32,3.77,77.67,1.36368666666667
2023,2,13,23.94,20.11,10.21,3.27,86,0.362453333333333
2023,3,13,26.52,21.32,16.42,3.82,83,1.52032333333333
2023,4,13,23.21,20.98,5.08,3.56,82,1.23062
2024,1,13,29.14,22.65,6.73,5.98,67.33,1.50262
2024,2,13,23.27,19.87,14.454,3.21,87,0.297083333333333
2024,3,13,25.21,20.97,10.21,4.11,79,1.15561
2024,4,13,24.67,21.21,5.19,3.51,80,1.27666666666667
2025,1,13,22.53,18.44,3.88,2.86,80.33,1.31761
2025,2,13,23.3,19.67,13.88,3.18,88,0.290426666666667
2025,3,13,26.22,21.24,16.98,3.73,82,1.35815333333333
2025,4,13,23.54,21.53,5.11,3.52,81,1.24753333333333
2015,1,14,29.07,21.43,1.36,5.96,79,0.33386
2015,2,14,30.9,23.16,4.07,4.55,80,1.90031
2015,3,14,33.77,22.97,0.85,3.77,82,0.35488
2015,4,14,31.83,22.47,1.35,3.97,86,1.46966
2016,1,14,29.39,22.04,4.63,4.68,98,0.21393
2016,2,14,33.13,22.74,2.19,4.61,81,1.81723
2016,3,14,33.23,22.94,3.71,4.61,80,0.29029
2016,4,14,31.23,22.5,1.49,4.2,86,1.84852
2017,1,14,29.72,21.79,1.93,5.17,83,0.18006
2017,2,14,34.74,22.71,0.83,3.65,84,2.54895
2017,3,14,34.1,22.32,1.9,4.58,67,0.27285
2017,4,14,30.57,22.3,0.91,4.77,84,1.69019
2018,1,14,29.21,22.14,4.69,5.43,82,0.15122
2018,2,14,33.87,22.16,0.92,4.06,82,3.04717
2018,3,14,32.32,22.13,1.49,4.42,79,0.35426
2018,4,14,30.13,22.37,2.14,4.93,82,2.28573
2019,1,14,29.61,21.14,1.3,5.54,79,0.14778
2019,2,14,33.81,22.68,1.23,3.84,76,3.15487
2019,3,14,33.81,22.97,1.99,3.58,80,0.32149
2019,4,14,31.73,22.6,1.86,3.9,82,2.12085
2020,1,14,29.46,20.93,1.17,5.86,83,0.13906
2020,2,14,34.32,22.13,0.65,4.26,79,2.93074
2020,3,14,33.97,22.03,1.46,5.61,83,0.23666
2020,4,14,31.57,22.3,0.82,5.23,78,1.50666
2021,1,14,30.52,21.41,1.45,5.97,84,0.17937
2021,2,14,33.1,23,2.03,4.58,86,2.28512
2021,3,14,34.94,21.52,0.71,4.84,73,0.27574
2021,4,14,31.47,22.33,1.21,4.53,82,1.88159
2022,1,14,29.29,21.54,4.29,5.96,83,0.19915
2022,2,14,34.16,22.9,0.91,4.13,77,2.52316
2022,3,14,33.35,22.71,1.15,4.48,81,0.37739
2022,4,14,30.63,23.37,2.58,4.8,85,1.72705
2023,1,14,30.07,22.75,2.89,5.14,86,0.21659
2023,2,14,32.9,23.35,2.36,4.19,82,2.77219
2023,3,14,33.97,21.55,0.49,6.06,73,0.34809
2023,4,14,30.5,22.9,2.27,5.23,80,1.76384
2024,1,14,28.75,20.71,4.11,5.57,86,0.25776
2024,2,14,34.87,23.29,4.96,3.39,91,2.7123
2024,3,14,31.42,22.13,4.36,7.48,82,0.27342
2024,4,14,31.23,22.43,7.24,3.57,89,1.25021
2025,1,14,28.31,21.66,8.84,6.31,85,0.26669
2025,2,14,31.84,23.71,8.87,3.87,88,2.60121
2025,3,14,30.61,23.45,9.22,3.74,91,0.61394
2025,4,14,30.3,22.8,8.34,4,86,1.55148
2015,1,15,25.61,19.32,0.15,7.46,75,0.6301375
2015,2,15,27.74,22.81,1.52,6.65,85,1.3628125
2015,3,15,27.16,22.77,4.27,4.52,83,0.8896375
2015,4,15,26.2,21.67,2.23,5.33,77,2.1226
2016,1,15,25.43,17.96,0.27,5.79,70,0.6842
2016,2,15,29.32,21.48,1.64,5.58,75,1.62935
2016,3,15,27.58,22.19,8.72,6.9,79,0.8718875
2016,4,15,27.03,21.2,0.61,6.63,76,2.176425
2017,1,15,26.07,19.86,1.02,5.86,74,0.7081875
2017,2,15,29.45,22.16,3.12,4.97,73,1.631475
2017,3,15,26.32,21.58,4.55,7.94,96,0.92995
2017,4,15,27,21.67,0.43,4.63,81,2.39865
2018,1,15,26.57,19.89,0.38,5.61,76,0.7033625
2018,2,15,29.9,21.77,2.05,5.32,68,1.710225
2018,3,15,27.42,21.9,21.9,6.74,75,0.8892
2018,4,15,26.53,21.1,1.22,6.6,90,2.4493375
2019,1,15,25.11,17.89,0.26,5.54,73,0.735525
2019,2,15,30.19,22.32,2.46,5.13,70,1.7398125
2019,3,15,27.23,22,2.65,6.06,89,0.831025
2019,4,15,26.83,20.4,0.41,6.33,76,2.35125
2020,1,15,25.54,17.21,0.21,6.14,65,0.736675
2020,2,15,29.39,21.16,1.52,6,72,1.74
2020,3,15,27.13,22.39,13.95,6.55,77,0.8013875
2020,4,15,26.97,20.63,0.11,4.7,79,1.733325
2021,1,15,25.83,17.69,0.39,6.52,73,0.675025
2021,2,15,29.87,22.16,2.81,5.13,70,1.7161875
2021,3,15,26.23,22.55,8.59,7.19,86,0.7447125
2021,4,15,27.13,20.8,0.26,5.47,70,1.649675
2022,1,15,25.64,17.64,0.81,6.11,77,0.748
2022,2,15,29.06,22.03,2.92,4.87,77,1.9012375
2022,3,15,27.16,23.03,7.72,7.16,84,0.736975
2022,4,15,26.73,22,2.21,5.83,80,2.1763625
2023,1,15,26.04,18.93,0.41,8.11,67,0.7427375
2023,2,15,29.39,22.74,4.23,6.26,71,1.8015125
2023,3,15,25.84,22.45,13.31,11.68,79,0.6774125
2023,4,15,26.67,21.17,0.99,5.2,79,1.66715
2024,1,15,26.25,18.11,0.05,6.46,66,0.7217875
2024,2,15,30.42,22.42,4.9,6.13,69,1.6233625
2024,3,15,26.42,23.65,22.5,8.35,84,1.6233625
2024,4,15,25.1,20.97,8.59,7.1,74,2.0959375
2025,1,15,24.48,15.72,0.05,8.66,65,0.3862
2025,2,15,29.81,22.9,6.36,5.97,74,1.409575
2025,3,15,27.42,27.42,16.65,5.55,89,1.1894375
2025,4,15,26.63,21.3,1.32,8.73,83,1.1894375
2015,1,16,23.64,19.29,1.34,6.93,82,2.14534
2015,2,16,24.42,21.77,8.42,4.16,89,1.27401
2015,3,16,23.87,20.81,10.07,4.26,92,1.85809
2015,4,16,23.53,20.87,11.06,3.5,94,0.95599
2016,1,16,22.21,20.14,10.26,5,99,1.37553
2016,2,16,23.97,20.71,10.7,5.29,93,1.33013
2016,3,16,23.74,20.06,7.8,6.87,84,1.27432
2016,4,16,23.77,20.2,8.02,4.73,92,1.78875
2017,1,16,23.17,19.79,10.27,5.9,84,1.3574
2017,2,16,24.29,20.9,13.21,4.06,85,1.33519
2017,3,16,24.48,19.9,5.35,7.06,83,1.64822
2017,4,16,23.6,20.2,8.09,5.03,89,1.08679
2018,1,16,23.39,19.5,4.35,6.96,83,1.36605
2018,2,16,24.77,21.29,14.11,3.42,86,1.23055
2018,3,16,23.55,19.48,5.81,6.29,82,1.29311
2018,4,16,23.47,20,7.56,5.8,87,2.23112
2019,1,16,22.25,19.18,5.95,7.25,86,1.86669
2019,2,16,24.58,21.26,16.22,3.29,85,0.82765
2019,3,16,24.23,20,7.86,5,78,1.3744
2019,4,16,23.6,20.57,10.71,4.7,85,1.50275
2020,1,16,21.89,18.93,2.3,6.18,94,1.39746
2020,2,16,24.52,20.06,7.46,4.06,84,0.7492
2020,3,16,23.9,19.68,5.65,7.29,90,1.17698
2020,4,16,23.4,20.27,4.12,4.53,92,1.55851
2021,1,16,23.21,19.45,2.65,5.83,86,1.21945
2021,2,16,24.61,21,16.11,3.94,88,0.36714
2021,3,16,24.29,19.74,8.34,7.13,79,2.19781
2021,4,16,22.8,20.23,7.1,4.47,95,1.66046
2022,1,16,21.61,19.29,4.71,6.79,93,1.67238
2022,2,16,24.52,21.45,19.56,3.42,88,0.75387
2022,3,16,23.9,20.74,12.92,4.06,90,1.92384
2022,4,16,23.7,20.57,7.14,3.6,88,1.42975
2023,1,16,23.14,19.68,5.77,4.54,90,1.6363
2023,2,16,25,20.68,10.25,3.48,86,1.02119
2023,3,16,23.97,19.61,7.63,6.03,93,2.18288
2023,4,16,23.47,20.03,5.51,4.23,87,1.73896
2024,1,16,23.04,18.54,1.52,5.18,91,1.70388
2024,2,16,26.19,20.77,14.19,4.58,85,0.86944
2024,3,16,24.45,18.77,6.81,9.1,79,2.39723
2024,4,16,23.97,19.97,12.66,4.63,90,1.62531
2025,1,16,23.03,19,3.47,5.79,86,1.96987
2025,2,16,25.1,21.42,19.96,3.65,85,0.82582
2025,3,16,24.16,20.52,22.04,4.52,92,2.48065
2025,4,16,23.93,20.5,13.02,4.8,82,1.93097
